{
    "imputation": "GAIN",
    "classifier": "Logistic",
    "missing_percentage": 0.25,
    "random_state": 42,
    "imputation_time": 6.7878501415252686,
    "validation": {
        "accuracy": 0.8311688311688312,
        "balanced_accuracy": 0.5586032116264465,
        "auc": 0.7275948685745043,
        "sensitivity": 0.1267605633802817,
        "specificity": 0.9904458598726115,
        "precision": 0.75,
        "recall": 0.1267605633802817,
        "F1": 0.21686746987951805,
        "brier_score": 0.12880061396064696
    },
    "test": {
        "accuracy": 0.851052768390954,
        "balanced_accuracy": 0.5703331120029616,
        "auc": 0.7078556612587625,
        "sensitivity": 0.1509433962264151,
        "specificity": 0.9897228277795079,
        "precision": 0.7441860465116279,
        "recall": 0.1509433962264151,
        "F1": 0.25098039215686274,
        "brier_score": 0.119411158454345
    },
    "parameters": {
        "max_iter": 200
    }
}