{
    "imputation": "GAIN",
    "classifier": "NGBoost",
    "missing_percentage": 0.25,
    "random_state": 42,
    "imputation_time": 6.7878501415252686,
    "validation": {
        "accuracy": 0.7896103896103897,
        "balanced_accuracy": 0.5876244729523639,
        "auc": 0.6231497263837804,
        "sensitivity": 0.2676056338028169,
        "specificity": 0.9076433121019108,
        "precision": 0.3958333333333333,
        "recall": 0.2676056338028169,
        "F1": 0.31932773109243695,
        "brier_score": 0.17352842658423903
    },
    "test": {
        "accuracy": 0.8273979724460618,
        "balanced_accuracy": 0.6217297458226341,
        "auc": 0.7282586979898109,
        "sensitivity": 0.31446540880503143,
        "specificity": 0.9289940828402367,
        "precision": 0.4672897196261682,
        "recall": 0.31446540880503143,
        "F1": 0.37593984962406013,
        "brier_score": 0.13408022070846692
    },
    "parameters": {
        "n_estimators": 192,
        "learning_rate": 0.04,
        "subsample": 0.6
    }
}