{
    "imputation": "Mean",
    "classifier": "NGBoost",
    "missing_percentage": 0.5,
    "random_state": 42,
    "imputation_time": 0.006451606750488281,
    "validation": {
        "accuracy": 0.8272727272727273,
        "balanced_accuracy": 0.5943639544272001,
        "auc": 0.7011527765318023,
        "sensitivity": 0.22535211267605634,
        "specificity": 0.9633757961783439,
        "precision": 0.5818181818181818,
        "recall": 0.22535211267605634,
        "F1": 0.3248730964467005,
        "brier_score": 0.13512614495833597
    },
    "test": {
        "accuracy": 0.8653496230829217,
        "balanced_accuracy": 0.6772474336449587,
        "auc": 0.8046441183902034,
        "sensitivity": 0.39622641509433965,
        "specificity": 0.9582684521955777,
        "precision": 0.6528497409326425,
        "recall": 0.39622641509433965,
        "F1": 0.4931506849315068,
        "brier_score": 0.10426926111556246
    },
    "parameters": {
        "n_estimators": 192,
        "learning_rate": 0.04,
        "subsample": 0.6
    }
}