{
    "imputation": "Mean",
    "classifier": "RandomForest",
    "missing_percentage": 0.25,
    "random_state": 42,
    "imputation_time": 0.006074190139770508,
    "validation": {
        "accuracy": 0.8194805194805195,
        "balanced_accuracy": 0.5105633802816901,
        "auc": 0.750235489369337,
        "sensitivity": 0.02112676056338028,
        "specificity": 1.0,
        "precision": 1.0,
        "recall": 0.02112676056338028,
        "F1": 0.041379310344827586,
        "brier_score": 0.13424177029902437
    },
    "test": {
        "accuracy": 0.8396152846373798,
        "balanced_accuracy": 0.514937106918239,
        "auc": 0.7646122115604966,
        "sensitivity": 0.029874213836477988,
        "specificity": 1.0,
        "precision": 1.0,
        "recall": 0.029874213836477988,
        "F1": 0.05801526717557252,
        "brier_score": 0.12089188318129739
    },
    "parameters": {
        "n_estimators": 144,
        "max_depth": 2,
        "min_samples_split": 3,
        "min_samples_leaf": 3
    }
}