{
    "imputation": "Mean",
    "classifier": "RandomForest",
    "missing_percentage": 0.25,
    "random_state": 42,
    "imputation_time": 0.5837335586547852,
    "validation": {
        "accuracy": 0.8428571428571429,
        "balanced_accuracy": 0.6093679913878173,
        "auc": 0.776857001883915,
        "sensitivity": 0.23943661971830985,
        "specificity": 0.9792993630573248,
        "precision": 0.723404255319149,
        "recall": 0.23943661971830985,
        "F1": 0.35978835978835977,
        "brier_score": 0.11781753246753246
    },
    "test": {
        "accuracy": 0.9685469196776709,
        "balanced_accuracy": 0.9130700481246659,
        "auc": 0.97656542271163,
        "sensitivity": 0.8301886792452831,
        "specificity": 0.9959514170040485,
        "precision": 0.9759704251386322,
        "recall": 0.8301886792452831,
        "F1": 0.897196261682243,
        "brier_score": 0.036224044710163765
    },
    "parameters": {
        "n_estimators": 100,
        "max_depth": null,
        "learning_rate": 0.1,
        "hidden_layers": 2,
        "hidden_neurons": 100,
        "max_iter": 200
    }
}