{
    "imputation": "MICE",
    "classifier": "NGBoost",
    "missing_percentage": 0.5,
    "random_state": 42,
    "imputation_time": 0.2334904670715332,
    "validation": {
        "accuracy": 0.8220779220779221,
        "balanced_accuracy": 0.5939041894680183,
        "auc": 0.6894455907419036,
        "sensitivity": 0.2323943661971831,
        "specificity": 0.9554140127388535,
        "precision": 0.5409836065573771,
        "recall": 0.2323943661971831,
        "F1": 0.3251231527093596,
        "brier_score": 0.14606780340339037
    },
    "test": {
        "accuracy": 0.8372757993241486,
        "balanced_accuracy": 0.6566475499903046,
        "auc": 0.7602982279859524,
        "sensitivity": 0.3867924528301887,
        "specificity": 0.9265026471504204,
        "precision": 0.5103734439834025,
        "recall": 0.3867924528301887,
        "F1": 0.44007155635062617,
        "brier_score": 0.12926306764058987
    },
    "parameters": {
        "n_estimators": 192,
        "learning_rate": 0.04,
        "subsample": 0.6
    }
}