{
    "imputation": "MICE",
    "classifier": "RandomForest",
    "missing_percentage": 0.25,
    "random_state": 42,
    "imputation_time": 0.5415377616882324,
    "validation": {
        "accuracy": 0.8246753246753247,
        "balanced_accuracy": 0.5246478873239436,
        "auc": 0.7648302233784874,
        "sensitivity": 0.04929577464788732,
        "specificity": 1.0,
        "precision": 1.0,
        "recall": 0.04929577464788732,
        "F1": 0.09395973154362416,
        "brier_score": 0.1315555197551568
    },
    "test": {
        "accuracy": 0.8442942552638419,
        "balanced_accuracy": 0.5290880503144654,
        "auc": 0.7673083288773458,
        "sensitivity": 0.05817610062893082,
        "specificity": 1.0,
        "precision": 1.0,
        "recall": 0.05817610062893082,
        "F1": 0.10995542347696881,
        "brier_score": 0.11856500846725436
    },
    "parameters": {
        "n_estimators": 144,
        "max_depth": 2,
        "min_samples_split": 3,
        "min_samples_leaf": 3
    }
}