{
    "imputation": "MissForest",
    "classifier": "NeuralNet",
    "missing_percentage": 0.5,
    "random_state": 42,
    "imputation_time": 476.2805607318878,
    "validation": {
        "accuracy": 0.8376623376623377,
        "balanced_accuracy": 0.5734838970126491,
        "auc": 0.7532071409347807,
        "sensitivity": 0.15492957746478872,
        "specificity": 0.9920382165605095,
        "precision": 0.8148148148148148,
        "recall": 0.15492957746478872,
        "F1": 0.26035502958579876,
        "brier_score": 0.12548513484901502
    },
    "test": {
        "accuracy": 0.853392253704185,
        "balanced_accuracy": 0.5748867885354785,
        "auc": 0.73291887752204,
        "sensitivity": 0.15880503144654087,
        "specificity": 0.990968545624416,
        "precision": 0.7769230769230769,
        "recall": 0.15880503144654087,
        "F1": 0.26370757180156656,
        "brier_score": 0.11670942335858682
    },
    "parameters": {
        "hidden_layers": 3,
        "hidden_neurons": 5,
        "learning_rate": 0.03,
        "max_iter": 200
    }
}