{
    "imputation": "MissForest",
    "classifier": "Logistic",
    "missing_percentage": 0.5,
    "random_state": 42,
    "imputation_time": 476.2805607318878,
    "validation": {
        "accuracy": 0.8311688311688312,
        "balanced_accuracy": 0.5531533147932179,
        "auc": 0.7635238180676415,
        "sensitivity": 0.11267605633802817,
        "specificity": 0.9936305732484076,
        "precision": 0.8,
        "recall": 0.11267605633802817,
        "F1": 0.19753086419753088,
        "brier_score": 0.12462970792705565
    },
    "test": {
        "accuracy": 0.8526124252664414,
        "balanced_accuracy": 0.565593361264051,
        "auc": 0.7445867096008414,
        "sensitivity": 0.13679245283018868,
        "specificity": 0.9943942696979134,
        "precision": 0.8285714285714286,
        "recall": 0.13679245283018868,
        "F1": 0.23481781376518218,
        "brier_score": 0.11540814403790688
    },
    "parameters": {
        "max_iter": 200
    }
}