{
    "imputation": "MissForest",
    "classifier": "NGBoost",
    "missing_percentage": 0.5,
    "random_state": 42,
    "imputation_time": 476.2805607318878,
    "validation": {
        "accuracy": 0.8025974025974026,
        "balanced_accuracy": 0.5737866690589396,
        "auc": 0.6313133578541312,
        "sensitivity": 0.2112676056338028,
        "specificity": 0.9363057324840764,
        "precision": 0.42857142857142855,
        "recall": 0.2112676056338028,
        "F1": 0.2830188679245283,
        "brier_score": 0.15559875883650073
    },
    "test": {
        "accuracy": 0.8549519105796725,
        "balanced_accuracy": 0.6577794198010377,
        "auc": 0.7753697490348624,
        "sensitivity": 0.3632075471698113,
        "specificity": 0.9523512924322641,
        "precision": 0.6015625,
        "recall": 0.3632075471698113,
        "F1": 0.45294117647058824,
        "brier_score": 0.11531201504422318
    },
    "parameters": {
        "n_estimators": 192,
        "learning_rate": 0.04,
        "subsample": 0.6
    }
}