{
    "imputation": "MissForest",
    "classifier": "XGBoost",
    "missing_percentage": 0.5,
    "random_state": 42,
    "imputation_time": 136.94513726234436,
    "validation": {
        "accuracy": 0.8415584415584415,
        "balanced_accuracy": 0.589497174127568,
        "auc": 0.7244774378756617,
        "sensitivity": 0.19014084507042253,
        "specificity": 0.9888535031847133,
        "precision": 0.7941176470588235,
        "recall": 0.19014084507042253,
        "F1": 0.3068181818181818,
        "brier_score": 0.12572850950330944
    },
    "test": {
        "accuracy": 0.8695087080842214,
        "balanced_accuracy": 0.6311943123970472,
        "auc": 0.8228911426719081,
        "sensitivity": 0.2751572327044025,
        "specificity": 0.9872313920896917,
        "precision": 0.8101851851851852,
        "recall": 0.2751572327044025,
        "F1": 0.41079812206572774,
        "brier_score": 0.10028851713935223
    },
    "parameters": {
        "n_estimators": 144,
        "max_depth": 3,
        "learning_rate": 0.1,
        "subsample": 0.6
    }
}