{
    "imputation": "MissForest",
    "classifier": "XGBoost",
    "missing_percentage": 0.5,
    "random_state": 42,
    "imputation_time": 476.2805607318878,
    "validation": {
        "accuracy": 0.8363636363636363,
        "balanced_accuracy": 0.5808625639185431,
        "auc": 0.7490580425226518,
        "sensitivity": 0.176056338028169,
        "specificity": 0.9856687898089171,
        "precision": 0.7352941176470589,
        "recall": 0.176056338028169,
        "F1": 0.28409090909090906,
        "brier_score": 0.12518509203966094
    },
    "test": {
        "accuracy": 0.8682089940213154,
        "balanced_accuracy": 0.625372148412787,
        "auc": 0.8260304104013522,
        "sensitivity": 0.26257861635220126,
        "specificity": 0.9881656804733728,
        "precision": 0.8146341463414634,
        "recall": 0.26257861635220126,
        "F1": 0.39714625445897744,
        "brier_score": 0.10036121033476386
    },
    "parameters": {
        "n_estimators": 144,
        "max_depth": 3,
        "learning_rate": 0.1,
        "subsample": 0.6
    }
}