{
    "imputation": "MissForest",
    "classifier": "XGBoost",
    "missing_percentage": 0.25,
    "random_state": 42,
    "imputation_time": 626.7955617904663,
    "validation": {
        "accuracy": 0.8467532467532467,
        "balanced_accuracy": 0.6144814748362788,
        "auc": 0.7799183636852965,
        "sensitivity": 0.24647887323943662,
        "specificity": 0.982484076433121,
        "precision": 0.7608695652173914,
        "recall": 0.24647887323943662,
        "F1": 0.3723404255319149,
        "brier_score": 0.1187696000567053
    },
    "test": {
        "accuracy": 0.8861450480894203,
        "balanced_accuracy": 0.679617431431655,
        "auc": 0.8854938507371476,
        "sensitivity": 0.3710691823899371,
        "specificity": 0.9881656804733728,
        "precision": 0.8613138686131386,
        "recall": 0.3710691823899371,
        "F1": 0.5186813186813186,
        "brier_score": 0.08472266423651861
    },
    "parameters": {
        "n_estimators": 144,
        "max_depth": 3,
        "learning_rate": 0.1,
        "subsample": 0.6
    }
}