{
    "imputation": "MissForest",
    "classifier": "RandomForest",
    "missing_percentage": 0.25,
    "random_state": 42,
    "imputation_time": 135.03828763961792,
    "validation": {
        "accuracy": 0.8285714285714286,
        "balanced_accuracy": 0.5352112676056338,
        "auc": 0.7740984121288239,
        "sensitivity": 0.07042253521126761,
        "specificity": 1.0,
        "precision": 1.0,
        "recall": 0.07042253521126761,
        "F1": 0.13157894736842107,
        "brier_score": 0.131220687661148
    },
    "test": {
        "accuracy": 0.8455939693267481,
        "balanced_accuracy": 0.5342797655073265,
        "auc": 0.7668661578026792,
        "sensitivity": 0.06918238993710692,
        "specificity": 0.9993771410775459,
        "precision": 0.9565217391304348,
        "recall": 0.06918238993710692,
        "F1": 0.12903225806451613,
        "brier_score": 0.11828489332758733
    },
    "parameters": {
        "n_estimators": 144,
        "max_depth": 2,
        "min_samples_split": 3,
        "min_samples_leaf": 3
    }
}