{
    "imputation": "MissForest",
    "classifier": "NeuralNet",
    "missing_percentage": 0.25,
    "random_state": 42,
    "imputation_time": 626.7955617904663,
    "validation": {
        "accuracy": 0.8350649350649351,
        "balanced_accuracy": 0.571891540324751,
        "auc": 0.7607259800843276,
        "sensitivity": 0.15492957746478872,
        "specificity": 0.9888535031847133,
        "precision": 0.7586206896551724,
        "recall": 0.15492957746478872,
        "F1": 0.2573099415204678,
        "brier_score": 0.12562841405801967
    },
    "test": {
        "accuracy": 0.8559916818299974,
        "balanced_accuracy": 0.5865311165039986,
        "auc": 0.740472021294724,
        "sensitivity": 0.18396226415094338,
        "specificity": 0.9890999688570539,
        "precision": 0.7697368421052632,
        "recall": 0.18396226415094338,
        "F1": 0.2969543147208122,
        "brier_score": 0.11449241246621901
    },
    "parameters": {
        "hidden_layers": 3,
        "hidden_neurons": 5,
        "learning_rate": 0.03,
        "max_iter": 200
    }
}