{
    "imputation": "MissForest",
    "classifier": "Logistic",
    "missing_percentage": 0.25,
    "random_state": 42,
    "imputation_time": 626.7955617904663,
    "validation": {
        "accuracy": 0.8363636363636363,
        "balanced_accuracy": 0.5863124607517718,
        "auc": 0.7741769085852697,
        "sensitivity": 0.19014084507042253,
        "specificity": 0.982484076433121,
        "precision": 0.7105263157894737,
        "recall": 0.19014084507042253,
        "F1": 0.3,
        "brier_score": 0.12138142735228394
    },
    "test": {
        "accuracy": 0.8572913958929036,
        "balanced_accuracy": 0.5961359732366531,
        "auc": 0.7529517245161581,
        "sensitivity": 0.2059748427672956,
        "specificity": 0.9862971037060105,
        "precision": 0.7485714285714286,
        "recall": 0.2059748427672956,
        "F1": 0.32305795314426633,
        "brier_score": 0.11291531269329974
    },
    "parameters": {
        "max_iter": 200
    }
}