{
    "imputation": "MissForest",
    "classifier": "RandomForest",
    "missing_percentage": 0.25,
    "random_state": 42,
    "imputation_time": 626.7955617904663,
    "validation": {
        "accuracy": 0.8324675324675325,
        "balanced_accuracy": 0.545774647887324,
        "auc": 0.7682167847851439,
        "sensitivity": 0.09154929577464789,
        "specificity": 1.0,
        "precision": 1.0,
        "recall": 0.09154929577464789,
        "F1": 0.16774193548387095,
        "brier_score": 0.13084724888889812
    },
    "test": {
        "accuracy": 0.8474135690148168,
        "balanced_accuracy": 0.5404133589528135,
        "auc": 0.7654500351582316,
        "sensitivity": 0.08176100628930817,
        "specificity": 0.9990657116163189,
        "precision": 0.9454545454545454,
        "recall": 0.08176100628930817,
        "F1": 0.150506512301013,
        "brier_score": 0.1180317552779077
    },
    "parameters": {
        "n_estimators": 144,
        "max_depth": 2,
        "min_samples_split": 3,
        "min_samples_leaf": 3
    }
}