{
    "imputation": "MissForest",
    "classifier": "NeuralNet",
    "missing_percentage": 0.25,
    "random_state": 42,
    "imputation_time": 135.03828763961792,
    "validation": {
        "accuracy": 0.8350649350649351,
        "balanced_accuracy": 0.580066385574594,
        "auc": 0.7630864806674442,
        "sensitivity": 0.176056338028169,
        "specificity": 0.9840764331210191,
        "precision": 0.7142857142857143,
        "recall": 0.176056338028169,
        "F1": 0.2824858757062147,
        "brier_score": 0.1253693978238162
    },
    "test": {
        "accuracy": 0.8572913958929036,
        "balanced_accuracy": 0.5942446268624559,
        "auc": 0.7399745176271034,
        "sensitivity": 0.20125786163522014,
        "specificity": 0.9872313920896917,
        "precision": 0.757396449704142,
        "recall": 0.20125786163522014,
        "F1": 0.31801242236024846,
        "brier_score": 0.11627233127338231
    },
    "parameters": {
        "hidden_layers": 3,
        "hidden_neurons": 5,
        "learning_rate": 0.03,
        "max_iter": 200
    }
}