{
    "imputation": "MissForest",
    "classifier": "NGBoost",
    "missing_percentage": 0.25,
    "random_state": 42,
    "imputation_time": 626.7955617904663,
    "validation": {
        "accuracy": 0.8324675324675325,
        "balanced_accuracy": 0.627523100385754,
        "auc": 0.6998071229927335,
        "sensitivity": 0.3028169014084507,
        "specificity": 0.9522292993630573,
        "precision": 0.589041095890411,
        "recall": 0.3028169014084507,
        "F1": 0.4,
        "brier_score": 0.138346166758729
    },
    "test": {
        "accuracy": 0.8936833896542761,
        "balanced_accuracy": 0.7314168179743766,
        "auc": 0.8403483309143686,
        "sensitivity": 0.4889937106918239,
        "specificity": 0.9738399252569293,
        "precision": 0.7873417721518987,
        "recall": 0.4889937106918239,
        "F1": 0.6032977691561591,
        "brier_score": 0.086481193854314
    },
    "parameters": {
        "n_estimators": 192,
        "learning_rate": 0.04,
        "subsample": 0.6
    }
}