{
    "imputation": "MissForest",
    "classifier": "RandomForest",
    "missing_percentage": 0.5,
    "random_state": 42,
    "imputation_time": 476.2805607318878,
    "validation": {
        "accuracy": 0.8220779220779221,
        "balanced_accuracy": 0.5176056338028169,
        "auc": 0.771491208396878,
        "sensitivity": 0.035211267605633804,
        "specificity": 1.0,
        "precision": 1.0,
        "recall": 0.035211267605633804,
        "F1": 0.06802721088435375,
        "brier_score": 0.13463640191582085
    },
    "test": {
        "accuracy": 0.839875227449961,
        "balanced_accuracy": 0.5157232704402516,
        "auc": 0.7583449384877847,
        "sensitivity": 0.031446540880503145,
        "specificity": 1.0,
        "precision": 1.0,
        "recall": 0.031446540880503145,
        "F1": 0.06097560975609756,
        "brier_score": 0.12175754000878063
    },
    "parameters": {
        "n_estimators": 144,
        "max_depth": 2,
        "min_samples_split": 3,
        "min_samples_leaf": 3
    }
}