{
    "imputation": "MissForest",
    "classifier": "Logistic",
    "missing_percentage": 0.5,
    "random_state": 42,
    "imputation_time": 136.94513726234436,
    "validation": {
        "accuracy": 0.8350649350649351,
        "balanced_accuracy": 0.5582667982416794,
        "auc": 0.7436754283663768,
        "sensitivity": 0.11971830985915492,
        "specificity": 0.9968152866242038,
        "precision": 0.8947368421052632,
        "recall": 0.11971830985915492,
        "F1": 0.2111801242236025,
        "brier_score": 0.1261087781912151
    },
    "test": {
        "accuracy": 0.852092539641279,
        "balanced_accuracy": 0.5627601366372278,
        "auc": 0.7478802230540065,
        "sensitivity": 0.13050314465408805,
        "specificity": 0.9950171286203675,
        "precision": 0.8383838383838383,
        "recall": 0.13050314465408805,
        "F1": 0.22585034013605443,
        "brier_score": 0.1151647804082197
    },
    "parameters": {
        "max_iter": 200
    }
}