{
    "imputation": "MissForest",
    "classifier": "RandomForest",
    "missing_percentage": 0.5,
    "random_state": 42,
    "imputation_time": 136.94513726234436,
    "validation": {
        "accuracy": 0.8207792207792208,
        "balanced_accuracy": 0.5140845070422535,
        "auc": 0.7629967704315063,
        "sensitivity": 0.028169014084507043,
        "specificity": 1.0,
        "precision": 1.0,
        "recall": 0.028169014084507043,
        "F1": 0.05479452054794521,
        "brier_score": 0.13517098938625038
    },
    "test": {
        "accuracy": 0.8377956849493111,
        "balanced_accuracy": 0.5094339622641509,
        "auc": 0.7594682390916445,
        "sensitivity": 0.018867924528301886,
        "specificity": 1.0,
        "precision": 1.0,
        "recall": 0.018867924528301886,
        "F1": 0.037037037037037035,
        "brier_score": 0.12198000700191312
    },
    "parameters": {
        "n_estimators": 144,
        "max_depth": 2,
        "min_samples_split": 3,
        "min_samples_leaf": 3
    }
}