{
    "imputation": "MIWAE",
    "classifier": "Logistic",
    "missing_percentage": 0.25,
    "random_state": 42,
    "imputation_time": 10.826218843460083,
    "validation": {
        "accuracy": 0.8350649350649351,
        "balanced_accuracy": 0.580066385574594,
        "auc": 0.7745133219700367,
        "sensitivity": 0.176056338028169,
        "specificity": 0.9840764331210191,
        "precision": 0.7142857142857143,
        "recall": 0.176056338028169,
        "F1": 0.2824858757062147,
        "brier_score": 0.12370098708153657
    },
    "test": {
        "accuracy": 0.8559916818299974,
        "balanced_accuracy": 0.590313809252393,
        "auc": 0.7445034658769285,
        "sensitivity": 0.19339622641509435,
        "specificity": 0.9872313920896917,
        "precision": 0.75,
        "recall": 0.19339622641509435,
        "F1": 0.3075,
        "brier_score": 0.113772047088339
    },
    "parameters": {
        "max_iter": 100
    }
}