{
    "imputation": "MIWAE",
    "classifier": "Logistic",
    "missing_percentage": 0.25,
    "random_state": 42,
    "imputation_time": 11.85484504699707,
    "validation": {
        "accuracy": 0.8350649350649351,
        "balanced_accuracy": 0.580066385574594,
        "auc": 0.7733807302413206,
        "sensitivity": 0.176056338028169,
        "specificity": 0.9840764331210191,
        "precision": 0.7142857142857143,
        "recall": 0.176056338028169,
        "F1": 0.2824858757062147,
        "brier_score": 0.12327644193420857
    },
    "test": {
        "accuracy": 0.8562516246425786,
        "balanced_accuracy": 0.5929913191486027,
        "auc": 0.7473244487796471,
        "sensitivity": 0.19968553459119498,
        "specificity": 0.9862971037060105,
        "precision": 0.7426900584795322,
        "recall": 0.19968553459119498,
        "F1": 0.3147459727385378,
        "brier_score": 0.1133479548433069
    },
    "parameters": {
        "max_iter": 200
    }
}