{
    "imputation": "MIWAE",
    "classifier": "RandomForest",
    "missing_percentage": 0.25,
    "random_state": 42,
    "imputation_time": 11.85484504699707,
    "validation": {
        "accuracy": 0.8246753246753247,
        "balanced_accuracy": 0.5246478873239436,
        "auc": 0.7659011393199965,
        "sensitivity": 0.04929577464788732,
        "specificity": 1.0,
        "precision": 1.0,
        "recall": 0.04929577464788732,
        "F1": 0.09395973154362416,
        "brier_score": 0.1314133729298638
    },
    "test": {
        "accuracy": 0.8424746555757733,
        "balanced_accuracy": 0.5242153544517764,
        "auc": 0.7619802408779568,
        "sensitivity": 0.04874213836477988,
        "specificity": 0.9996885705387729,
        "precision": 0.96875,
        "recall": 0.04874213836477988,
        "F1": 0.09281437125748503,
        "brier_score": 0.11901866456138474
    },
    "parameters": {
        "n_estimators": 144,
        "max_depth": 2,
        "min_samples_split": 3,
        "min_samples_leaf": 3
    }
}