{
    "imputation": "MIWAE",
    "classifier": "RandomForest",
    "missing_percentage": 0.25,
    "random_state": 42,
    "imputation_time": 10.826218843460083,
    "validation": {
        "accuracy": 0.8454545454545455,
        "balanced_accuracy": 0.6109603480757154,
        "auc": 0.7688896115546785,
        "sensitivity": 0.23943661971830985,
        "specificity": 0.982484076433121,
        "precision": 0.7555555555555555,
        "recall": 0.23943661971830985,
        "F1": 0.36363636363636365,
        "brier_score": 0.11810272727272726
    },
    "test": {
        "accuracy": 0.9365739537301794,
        "balanced_accuracy": 0.8176328324999167,
        "auc": 0.9586623908772713,
        "sensitivity": 0.639937106918239,
        "specificity": 0.9953285580815945,
        "precision": 0.9644549763033176,
        "recall": 0.639937106918239,
        "F1": 0.7693761814744802,
        "brier_score": 0.05309766051468676
    },
    "parameters": {
        "n_estimators": 100,
        "max_depth": null
    }
}