{
    "imputation": "MIWAE",
    "classifier": "NeuralNet",
    "missing_percentage": 0.25,
    "random_state": 42,
    "imputation_time": 11.85484504699707,
    "validation": {
        "accuracy": 0.8376623376623377,
        "balanced_accuracy": 0.5871086390957209,
        "auc": 0.7554386830537365,
        "sensitivity": 0.19014084507042253,
        "specificity": 0.9840764331210191,
        "precision": 0.7297297297297297,
        "recall": 0.19014084507042253,
        "F1": 0.3016759776536313,
        "brier_score": 0.12668403847676665
    },
    "test": {
        "accuracy": 0.8578112815180661,
        "balanced_accuracy": 0.5945560563236829,
        "auc": 0.7308544331690005,
        "sensitivity": 0.20125786163522014,
        "specificity": 0.9878542510121457,
        "precision": 0.7664670658682635,
        "recall": 0.20125786163522014,
        "F1": 0.3188044831880449,
        "brier_score": 0.1146513625224071
    },
    "parameters": {
        "hidden_layers": 3,
        "hidden_neurons": 5,
        "learning_rate": 0.03,
        "max_iter": 200
    }
}