{
    "imputation": "MIWAE",
    "classifier": "NeuralNet",
    "missing_percentage": 0.25,
    "random_state": 42,
    "imputation_time": 10.826218843460083,
    "validation": {
        "accuracy": 0.8337662337662337,
        "balanced_accuracy": 0.5574706198977303,
        "auc": 0.7742329774827308,
        "sensitivity": 0.11971830985915492,
        "specificity": 0.9952229299363057,
        "precision": 0.85,
        "recall": 0.11971830985915492,
        "F1": 0.20987654320987653,
        "brier_score": 0.1439628774601334
    },
    "test": {
        "accuracy": 0.852092539641279,
        "balanced_accuracy": 0.5558251999318381,
        "auc": 0.7509249846733613,
        "sensitivity": 0.11320754716981132,
        "specificity": 0.9984428526938648,
        "precision": 0.935064935064935,
        "recall": 0.11320754716981132,
        "F1": 0.20196353436185133,
        "brier_score": 0.12740456498961597
    },
    "parameters": {
        "hidden_layers": 2,
        "hidden_neurons": 50,
        "max_iter": 100
    }
}